,model,improvements,cost,solutions,utility,modified_solutions
0,print_improver,0,0.0,"import numpy as np

def algorithm(train_samples, train_parity, test_samples):
    n = train_samples.shape[1]
    aug_matrix = np.hstack((train_samples, train_parity.reshape(1, -1)))
    for i in range(n):
        pivot = np.where(aug_matrix[i:, i] == 1)[0]
        if len(pivot) > 0:
            pivot_row = pivot[0] + i
            if pivot_row != i:
                aug_matrix[[i, pivot_row]] = aug_matrix[[pivot_row, i]]
            for j in range(i + 1, len(aug_matrix)):
                if aug_matrix[j, i] == 1:
                    aug_matrix[j] = (aug_matrix[j] - aug_matrix[i]) % 2
    true_bits = np.zeros(n, dtype=int)
    for i in reversed(range(n)):
        true_bits[i] = aug_matrix[i, n]
        for j in range(i + 1, n):
            if aug_matrix[i, j] == 1:
                true_bits[i] ^= true_bits[j]
    test_parity = np.sum(true_bits + test_samples, axis=1) % 2
    return test_parity",0.0,"import numpy as np

def algorithm(train_samples, train_parity, test_samples):
    n = train_samples.shape[1]
    aug_matrix = np.hstack((train_samples, train_parity.reshape(1, -1)))
    for i in range(n):
        pivot = np.where(aug_matrix[i:, i] == 1)[0]
        if len(pivot) > 0:
            pivot_row = pivot[0] + i
            if pivot_row != i:
                aug_matrix[[i, pivot_row]] = aug_matrix[[pivot_row, i]]
            for j in range(i + 1, len(aug_matrix)):
                if aug_matrix[j, i] == 1:
                    aug_matrix[j] = (aug_matrix[j] - aug_matrix[i]) % 2
    true_bits = np.zeros(n, dtype=int)
    for i in reversed(range(n)):
        true_bits[i] = aug_matrix[i, n]
        for j in range(i + 1, n):
            if aug_matrix[i, j] == 1:
                true_bits[i] ^= true_bits[j]
    test_parity = np.sum(true_bits + test_samples, axis=1) % 2
    return test_parity"
1,print_improver,1,0.24945,"
import numpy as np

def algorithm(train_samples, train_parity, test_samples):
    n = train_samples.shape[1]
    
    # Use np.linalg.solve() to solve the system of linear equations
    try:
        true_bits = np.linalg.solve(train_samples, train_parity)
    except np.linalg.LinAlgError:
        # Not solvable, return 0's as the result
        return np.zeros(test_samples.shape[0], dtype=int)
    
    # Use dot product instead of loop for calculating test_parity
    test_parity = np.dot(test_samples, true_bits) % 2
    return test_parity
",0.5499999999999999,"
import numpy as np

def algorithm(train_samples, train_parity, test_samples):
    n = train_samples.shape[1]
    print(f'Shape of train_samples: {train_samples.shape}, Shape of train_parity: {train_parity.shape}, Shape of test_samples: {test_samples.shape}')
    aug_matrix = np.hstack((train_samples, train_parity.reshape(1, -1)))
    print(f'Shape of augmented matrix: {aug_matrix.shape}')
    for i in range(n):
        pivot = np.where(aug_matrix[i:, i] == 1)[0]
        print(f'Pivot index for iteration {i}: {pivot}')
        if len(pivot) > 0:
            pivot_row = pivot[0] + i
            print(f'Pivot row: {pivot_row}')
            if pivot_row != i:
                aug_matrix[[i, pivot_row]] = aug_matrix[[pivot_row, i]]
            for j in range(i + 1, len(aug_matrix)):
                if aug_matrix[j, i] == 1:
                    aug_matrix[j] = (aug_matrix[j] - aug_matrix[i]) % 2
    true_bits = np.zeros(n, dtype=int)
    print(f'Initial true_bits: {true_bits}')
    for i in reversed(range(n)):
        true_bits[i] = aug_matrix[i, n]
        for j in range(i + 1, n):
            if aug_matrix[i, j] == 1:
                true_bits[i] ^= true_bits[j]
    print(f'Final true_bits: {true_bits}')
    test_parity = np.sum(true_bits + test_samples, axis=1) % 2
    print(f'test_parity: {test_parity}')
    return test_parity
"
2,print_improver,2,0.45537,"
import numpy as np

def algorithm(train_samples, train_parity, test_samples):
    # Calculate pseudoinverse of train_samples
    train_samples_pinv = np.linalg.pinv(train_samples)
    
    # Use dot product to calculate true_bits
    true_bits = np.dot(train_samples_pinv, train_parity)
    
    # Use dot product instead of loop for calculating test_parity
    test_parity = np.dot(test_samples, true_bits) % 2
    # Rounding and converting to int as we are dealing with parity (0s and 1s)
    return np.round(test_parity).astype(int)
",0.6833333333333333,"
import numpy as np

def algorithm(train_samples, train_parity, test_samples):
    n = train_samples.shape[1]
    print(f""Shape of train_samples: {train_samples.shape}, Shape of train_parity: {train_parity.shape}"")
    
    # Use np.linalg.solve() to solve the system of linear equations
    try:
        true_bits = np.linalg.solve(train_samples, train_parity)
        print(""System of linear equations solved successfully."")
    except np.linalg.LinAlgError:
        print(""Could not solve the system of linear equations. Returning array of zeros."")
        # Not solvable, return 0's as the result
        return np.zeros(test_samples.shape[0], dtype=int)
    
    # Use dot product instead of loop for calculating test_parity
    test_parity = np.dot(test_samples, true_bits) % 2
    print(f""Shape of test_samples: {test_samples.shape}, Shape of test_parity: {test_parity.shape}"")
    return test_parity
"
3,print_improver,3,0.53298,def algorithm(*args): return 0,0.5,"

import numpy as np

def algorithm(train_samples, train_parity, test_samples):
    print(f""train_samples shape: {train_samples.shape}"")
    print(f""train_parity shape: {train_parity.shape}"")
    print(f""test_samples shape: {test_samples.shape}"")

    # Calculate pseudoinverse of train_samples
    train_samples_pinv = np.linalg.pinv(train_samples)
    print(f""train_samples_pinv shape: {train_samples_pinv.shape}"")

    # Use dot product to calculate true_bits
    true_bits = np.dot(train_samples_pinv, train_parity)
    print(f""true_bits shape: {true_bits.shape}"")

    # Use dot product instead of loop for calculating test_parity
    test_parity = np.dot(test_samples, true_bits) % 2
    print(f""test_parity shape: {test_parity.shape}"")

    # Rounding and converting to int as we are dealing with parity (0s and 1s)
    test_parity_rounded = np.round(test_parity).astype(int)
    print(f""test_parity_rounded shape: {test_parity_rounded.shape}"")

    return test_parity_rounded

"
