,model,improvements,cost,solutions,utility,utility_error,cost_error,modified_solutions
0,improver,0,0.0,"import numpy as np

def algorithm(train_samples, train_parity, test_samples):
    n = train_samples.shape[1]
    aug_matrix = np.hstack((train_samples, train_parity.reshape(1, -1)))
    for i in range(n):
        pivot = np.where(aug_matrix[i:, i] == 1)[0]
        if len(pivot) > 0:
            pivot_row = pivot[0] + i
            if pivot_row != i:
                aug_matrix[[i, pivot_row]] = aug_matrix[[pivot_row, i]]
            for j in range(i + 1, len(aug_matrix)):
                if aug_matrix[j, i] == 1:
                    aug_matrix[j] = (aug_matrix[j] - aug_matrix[i]) % 2
    true_bits = np.zeros(n, dtype=int)
    for i in reversed(range(n)):
        true_bits[i] = aug_matrix[i, n]
        for j in range(i + 1, n):
            if aug_matrix[i, j] == 1:
                true_bits[i] ^= true_bits[j]
    test_parity = np.sum(true_bits + test_samples, axis=1) % 2
    return test_parity",0.0,0,0,
1,improver,1,0.04521,"
import numpy as np

def optimized_algorithm(train_samples, train_parity, test_samples):
    n = train_samples.shape[1]
    aug_matrix = np.hstack((train_samples, train_parity.reshape(-1, 1)))

    for i in range(n):
        pivot = np.flatnonzero(aug_matrix[i:, i])  # Find all nonzero elements in the column
        if pivot.size != 0:
            pivot_row = pivot[0] + i
            if pivot_row != i:
                aug_matrix[[i, pivot_row]] = aug_matrix[[pivot_row, i]]

            # Vectorized row operation
            rows_to_update = np.flatnonzero(aug_matrix[i + 1:, i]) + i + 1
            aug_matrix[rows_to_update] ^= aug_matrix[i]

    true_bits = np.zeros(n, dtype=int)
    for i in reversed(range(n)):
        true_bits[i] = aug_matrix[i, n] ^ np.sum(aug_matrix[i, i+1:n] * true_bits[i+1:n])

    test_parity = np.sum(true_bits + test_samples, axis=1) % 2
    return test_parity
",0.0,0,0,
2,improver,2,0.09426,"
import numpy as np
from multiprocessing import Pool

def row_operation(row):
    return row ^ aug_matrix[i]

def optimized_algorithm(train_samples, train_parity, test_samples):
    n = train_samples.shape[1]
    aug_matrix = np.hstack((train_samples, train_parity.reshape(-1, 1)))

    for i in range(n):
        pivot = np.flatnonzero(aug_matrix[i:, i])  # Find all nonzero elements in the column
        if pivot.size != 0:
            pivot_row = pivot[0] + i
            if pivot_row != i:
                aug_matrix[[i, pivot_row]] = aug_matrix[[pivot_row, i]]

            # Vectorized row operation
            rows_to_update = np.flatnonzero(aug_matrix[i + 1:, i]) + i + 1
            with Pool() as p:
                aug_matrix[rows_to_update] = p.map(row_operation, aug_matrix[rows_to_update])

    true_bits = np.zeros(n, dtype=int)
    true_bits = np.bitwise_xor(aug_matrix[:, n], np.dot(aug_matrix[:, :n], true_bits))

    test_parity = np.sum(true_bits + test_samples, axis=1) % 2
    return test_parity
",0.0,0,0,
3,improver,3,0.14127,"

import numpy as np

def optimized_algorithm(train_samples, train_parity, test_samples):
    n = train_samples.shape[1]
    aug_matrix = np.hstack((train_samples, train_parity.reshape(-1, 1)))

    # Gaussian elimination
    for i in range(n):
        pivot = np.flatnonzero(aug_matrix[i:, i]) 
        if pivot.size != 0:
            pivot_row = pivot[0] + i
            if pivot_row != i:
                aug_matrix[[i, pivot_row]] = aug_matrix[[pivot_row, i]]

            aug_matrix[i + 1:] -= np.outer(aug_matrix[i + 1:, i] / aug_matrix[i, i], aug_matrix[i])

    true_bits = np.linalg.solve(aug_matrix[:, :n], aug_matrix[:, n])

    test_parity = np.mod(np.dot(test_samples, true_bits), 2)
    return test_parity
",0.0,0,0,
